Title;Valor;Vador Desconto;Vendido;Imagem
Batom Lip Deluxe Nude Excepcional 3,5g - Eudora;R$ 39,99;R$ 29,99;Vendido por:Aroma RosaAberto⋅ Fecha às 19:00;url(https://nodis-sku-image.s3.amazonaws.com/sku_image/medium/bec832b26d3b3c92f0168da68b2bfeca.jpeg)
Sistema De Roldana Porta Correr Guarda Roupas Tipo RO64 (Sobrepor u002F Embutido);R$ 22,00;R$ 19,00;Vendido por:Ferragens MarcenariaAberto⋅ Fecha às 17:00;url(https://nodis-sku-image.s3.amazonaws.com/sku_image/medium/411974bc65276f4b1dec3721b189c3dd.webp)
Relógio Feminino Mondaine 53606LPMVPE5;R$ 305,00;R$ 280,00;Vendido por:ÓTICA MARTINHO JÓIASAberto⋅ Fecha às 19:00;url(https://nodis-sku-image.s3.amazonaws.com/sku_image/medium/b245b0f5a883a5736fd65965bad0b0c4.webp)
Microfone Gamer streamer Redragon Seyfert Conector Padrão P2 Com Tripé e Pop Filter - GM100;R$ 339,90;R$ 248,80;Vendido por:FreedomAberto⋅ Fecha às 20:00;url(https://nodis-sku-image.s3.amazonaws.com/sku_image/small/864a442ab0346fa71bb38f4bd193b9d6.jpeg)
Fizz Dragão Surpresa - Mergulhe E Ache Dtc 5087;R$ 59,90;R$ 39,90;Vendido por:Itaipava NewsAberto⋅ Fecha às 18:00;url(https://nodis-sku-image.s3.amazonaws.com/sku_image/medium/1efcd742c3213b5520dd3f388494c592.jpeg)
Combo: Vodka Leonoff 900Ml + Energético One 2L;R$ 25,00;R$ 22,00;Vendido por:HB Bebidas e CereaisAberto⋅ Fecha às 19:00;url(https://nodis-sku-image.s3.amazonaws.com/sku_image/small/ae73aa87ba329ec1690ae46ee3ea930b.jpeg)
Tênis Beira Rio 4242.103 Camel 35;R$ 129,90;R$ 109,90;Vendido por:NilmarAberto⋅ Fecha às 18:00;url(https://nodis-sku-image.s3.amazonaws.com/sku_image/small/7cab2db0a5a218249fcb5765d1e5452f.jpeg)
Gt Yx G01 - Placa Carreg Utilizada Pu002F Reativar A Bateria Do Cel. Yaxun;R$ 200,00;R$ 179,00;Vendido por:Fênix onAberto⋅ Fecha às 18:00;url(https://nodis-sku-image.s3.amazonaws.com/sku_image/medium/0738c6f25d2f2626f561679619ee801f.jpeg)
Tênis Quiz Slip On Feminino Preto 36;R$ 139,90;R$ 119,90;Vendido por:NilmarAberto⋅ Fecha às 18:00;url(https://nodis-sku-image.s3.amazonaws.com/sku_image/small/282e7e907839b558741e485dd1f052b5.jpeg)
Relógio Orient Masculino Ref: Mbss1375 I2sx Social Prateado;R$ 396,00;R$ 360,00;Vendido por:ÓTICA MARTINHO JÓIASAberto⋅ Fecha às 19:00;url(https://nodis-sku-image.s3.amazonaws.com/sku_image/medium/7ad4a364aefbbdda749a745572574b5e.jpeg)
Colônia Águas Verão Dourado 150ml;R$ 81,80;R$ 69,90;Vendido por:Aroma RosaAberto⋅ Fecha às 19:00;url(https://nodis-sku-image.s3.amazonaws.com/sku_image/medium/12b43f12a680a59c0cf3e1ba80e832e4.jpeg)
Copo Descartável 200ml Totalplast 2500 Unidades;R$ 6,99;R$ 5,04;Vendido por:PetropackAberto⋅ Fecha às 18:00;url(https://nodis-sku-image.s3.amazonaws.com/sku_image/medium/806351049fb804ccb3b4f6e71f8fa19f.jpeg)
Porta Escovas de dente Banheiro cromo preto prata Pétala Ou;R$ 69,90;R$ 64,00;Vendido por:Galícia PresentesAberto⋅ Fecha às 18:00;url(https://nodis-sku-image.s3.amazonaws.com/sku_image/medium/6e2b1f4c4074c763bb02e8ffcdd92c3c.webp)
Fone De Ouvido Aermove Bluetooth Intra Auricular Prata Aer01g 1 Un Geonav;R$ 169,00;R$ 139,90;Vendido por:Acessorize GroupAberto⋅ Fecha às 20:00;url(https://images-shoptime.b2w.io/produtos/01/00/oferta/42175/8/42175832P1.jpg)
Pulseira semijoia São Bento ;R$ 44,90;R$ 39,90;Vendido por:Simone Bulgarelli SemijoiasAberto⋅ Fecha às 18:00;url(https://nodis-sku-image.s3.amazonaws.com/sku_image/small/f3a1c969778e544324a3b30f3ccf412e.jpeg)
Tela Touch Samsung Galaxy G532 J2 Prime Dourado;R$ 40,00;R$ 28,90;Vendido por:Fênix onAberto⋅ Fecha às 18:00;url(https://nodis-sku-image.s3.amazonaws.com/sku_image/medium/977e76d97e6eda64450f65ef474e235b.jpeg)
Batom Super Mate Soul Kiss me Nude Essencial 3,5g - Eudora;R$ 22,99;R$ 18,99;Vendido por:Aroma RosaAberto⋅ Fecha às 19:00;url(https://nodis-sku-image.s3.amazonaws.com/sku_image/medium/a3f98c99004b1747fbcb74a4f3a20acc.jpeg)
Boneca Lol Surprise Glitter Globe 8937 - Candide;R$ 199,90;R$ 180,00;Vendido por:Itaipava NewsAberto⋅ Fecha às 18:00;url(https://nodis-sku-image.s3.amazonaws.com/sku_image/medium/972458df2c6483cdcae2ee97c3141579.jpeg)
Refil Filtro Vela Planeta Água GS-2 Geladeiras Side by Side Samsung - 1111;R$ 170,00;R$ 158,50;Vendido por:ACQUASHOWAberto⋅ Fecha às 18:00;url(https://images-submarino.b2w.io/produtos/01/00/sku/38043/6/38043648P1.jpg)
Mordedor-Chocalho. Ifofo - Brincar, Divertir e Aprender;R$ 54,00;R$ 36,00;Vendido por:Galícia PresentesAberto⋅ Fecha às 18:00;url(https://nodis-sku-image.s3.amazonaws.com/sku_image/medium/ed6eab7fd6ddf5fe3eb504cbd3b931b7.jpeg)
